review,sentiment
I love this song! It's amazing and uplifting.,positive
This track is so boring and repetitive.,negative
"The melody is catchy, but the lyrics are weak.",neutral
Fantastic performance! Really enjoyed it.,positive
Not a fan of this song. It's not my style.,negative
"The beat is great, but the vocals are lackluster.",negative
One of my favorite songs ever! It's perfect.,positive
"Just another average song, nothing special.",neutral
Absolutely brilliant! I can't stop listening to it.,positive
"Terrible song, I can't stand it.",negative
"Good song, but it gets old quickly.",neutral
I really like this song. It's so soothing.,positive
This song is a complete letdown.,negative
"Average track. Not bad, but not great either.",neutral
Such a great vibe. I love the energy of this song.,positive
The lyrics are so profound and meaningful.,positive
Disappointing song. It didn't live up to the hype.,negative
"Okay song, but it didn't leave a lasting impression.",neutral
Love the rhythm and the melody. It's fantastic!,positive
Too repetitive and boring.,negative
